<configs>
	<append xpath="/items">
		<item name="meleeHandBanshee">
			<property name="Extends" value="meleeHandMaster"/>
			<property name="CreativeMode" value="None"/>
			<property name="Degradation" value="99999" param1="true"/>
			<property class="Action0">
				<property name="Range" value="2"/>
				<property name="DamageEntity" value="7"/>
				<property name="DamageBlock" value="5"/></property>
			<effect_group name="meleeHandBanshee" tiered="false">
				<triggered_effect trigger="onSelfSecondaryActionStart" action="AddBuff" target="self" range="15" buff="buffBansheeScream"/>
			</effect_group>
		</item>
		<item name="meleeHandUndertaker">
			<property name="Extends" value="meleeHandMaster"/>
			<property name="CreativeMode" value="None"/>
			<property name="Degradation" value="99999" param1="true"/>
			<property name="Material" value="Mmetal"/>
			<property class="Action0">
				<property name="Range" value="3"/>
				<property name="Sound_start" value="swoosh"/>
				<property name="DamageEntity" value="30"/>
				<property name="DamageBlock" value="125"/></property>
		</item>
		<item name="meleeHandWendigo">
			<property name="Extends" value="meleeHandMaster"/>
			<property name="CreativeMode" value="None"/>
			<property name="Degradation" value="99999" param1="true"/>
			<property name="Material" value="Morganic"/>
			<property class="Action0">
				<property name="Range" value="2"/>
				<property name="Sound_start" value="swoosh"/>
				<property name="DamageEntity" value="45"/>
				<property name="DamageBlock" value="60"/></property>
			<effect_group name="meleeHandWendigo" tiered="false">
				<passive_effect name="ModSlots" operation="base_set" value="0"/>
				<passive_effect name="BuffProcChance" operation="base_set" value=".75" tags="buffInjuryBleedingZombie"/>
				<passive_effect name="BuffProcChance" operation="base_set" value=".3" tags="buffInfectionCatch"/>
				<passive_effect name="BuffProcChance" operation="base_set" value=".3" tags="buffInjuryStunned01"/>
				<triggered_effect trigger="onSelfDamagedOther" action="ModifyCVar" target="other" cvar="infectionZombieHit" operation="set" value="75"/>
			</effect_group>
		</item>
		<item name="meleeHandCowhead">
			<property name="Extends" value="meleeHandZombie01"/>
			<property name="CreativeMode" value="None"/>
			<property class="Action0">
				<property name="DamageEntity" value="25"/>
				<property name="DamageBlock" value="30"/>
				<property name="DamageBonus.wood" value="2"/>
				<property name="Particles_muzzle_smoke" value="nozzlesmoke_chainsaw"/>
				<property name="Sound_start" value="chainsaw_fire_start"/></property>
			<effect_group name="meleeHandCowhead" tiered="false">
				<passive_effect name="ModSlots" operation="base_set" value="0"/>
				<passive_effect name="BuffProcChance" operation="base_set" value=".5" tags="buffInjuryBleedingZombie"/>
				<passive_effect name="BuffProcChance" operation="base_set" value=".3" tags="buffInfectionCatch"/>
				<passive_effect name="BuffProcChance" operation="base_set" value=".3" tags="buffInjuryStunned01"/>
				<triggered_effect trigger="onSelfDamagedOther" action="ModifyCVar" target="other" cvar="infectionZombieHit" operation="set" value="45"/>
				<triggered_effect trigger="onSelfDamagedOther" action="PlaySound" sound="chainsaw_fire_start"/>
			</effect_group>
		</item>
		<item name="meleeHandParasite">
			<property name="Extends" value="meleeHandMaster"/>
			<property name="CreativeMode" value="None"/>
			<property name="HoldType" value="9"/>
			<property class="Action0">
				<property name="Buff" value="ParasiteAttack"/>
				<!--property name="DamageEntity" value="0"/-->
				<property name="DamageEntity" value="10"/> <!--Changed from the above 0 to offset loss of buff HealthMaxModifierOT. A value of 10 provides 8 damage-->		
				<property name="DamageBlock" value="16"/></property>
			<effect_group name="meleeHandParasite" tiered="false">
				<passive_effect name="ModSlots" operation="base_set" value="0"/>
				<passive_effect name="BuffProcChance" operation="base_set" value="0.90" tags="ParasiteAttack"/>
				<triggered_effect trigger="onSelfDamagedOther" action="ModifyCVar" target="other" cvar="infectionZombieHit" operation="set" value="30"/>
				<!--InfectionRegular-->
			</effect_group>
		</item>
		<item name="meleeHandBrawler">
			<property name="Extends" value="meleeHandZombie01"/>
			<property name="CreativeMode" value="None"/>
			<property class="Action0">
				<property name="DamageEntity" value="16"/>
				<property name="DamageBlock" value="32"/></property>
			<effect_group name="meleeHandCowhead" tiered="false">
				<passive_effect name="ModSlots" operation="base_set" value="0"/>
				<passive_effect name="BuffProcChance" operation="base_set" value=".2" tags="buffInjuryBleedingZombie"/>
				<passive_effect name="BuffProcChance" operation="base_set" value=".2" tags="buffInfectionCatch"/>
				<passive_effect name="BuffProcChance" operation="base_set" value=".1" tags="buffInjuryStunned01"/>
			</effect_group>
		</item>
		<item name="meleeScarecrow">
			<property name="Extends" value="meleeHandZombieBurning"/>
			<property name="CreativeMode" value="None"/>
			<property class="Action0">
				<property name="DamageEntity" value="30"/>
				<property name="DamageBlock" value="30"/></property>
			<effect_group name="meleeHandZombieBurningFeral" tiered="false">
				<passive_effect name="ModSlots" operation="base_set" value="0"/>
				<passive_effect name="BuffProcChance" operation="base_set" value=".5" tags="buffBurningZombie"/>
				<passive_effect name="BuffProcChance" operation="base_set" value=".3" tags="buffInjuryBleedingZombie"/>
				<triggered_effect trigger="onSelfDamagedOther" action="ModifyCVar" target="other" cvar="infectionZombieHit" operation="set" value="45"/>
				<!--InfectionFeral-->
			</effect_group>
		</item>
		<item name="meleeHandBomber">
			<property name="Extends" value="meleeHandZombie01"/>
			<property name="CreativeMode" value="None"/>
			<property class="Action0">
				<property name="DamageEntity" value="10"/>
				<property name="DamageBlock" value="30"/></property>
			<property class="Action1">
				<!-- UseAction -->
				<property name="Class" value="Vomit"/>
				<property name="Delay" value="0.3"/>
				<property name="Range" value="100"/>
				<property name="Infinite_ammo" value="true"/>
				<property name="Magazine_items" value="BomberProjectile" />
				<property name="Sound_warning" value="moepukervomitwarning"/>
				<property name="Sound_start" value="moepukervomitwarning"/>
				<property name="Sound_repeat" value=""/>
				<property name="Sound_end" value=""/>
				<property name="Sound_empty" value=""/>
				<property name="Sound_reload" value=""/></property>
			<effect_group name="meleeHandBomber" tiered="false">
				<passive_effect name="ModSlots" operation="base_set" value="0"/>
				<passive_effect name="DamageFalloffRange" operation="base_set" value="100"/>
				<passive_effect name="MaxRange" operation="base_set" value="100"/>
				<passive_effect name="MagazineSize" operation="base_set" value="1"/>
				<passive_effect name="BurstRoundCount" operation="base_set" value="1"/>
			</effect_group>
		</item>
		<item name="BomberProjectile">
			<property name="Meshfile" value="#Other/Items?Weapons/Ranged/RocketLauncher/rocketPrefab.prefab"/>
			<property name="Material" value="Mmetal"/>
			<property name="CreativeMode" value="None"/>
			<property class="Action1">
				<property name="Class" value="Projectile"/>
				<!--property name="Explosion.ParticleIndex" value="4"/-->
				<property name="Explosion.ParticleIndex" value="6"/>
				<!-- which Prefab/particle is used -->
				<property name="Explosion.RadiusBlocks" value="6"/>
				<!-- damage radius for blocks -->
				<property name="Explosion.RadiusEntities" value="6"/>
				<!-- damage radius for entities -->
				<property name="Explosion.DamageBonus.stone" value=".1"/>
				<property name="Explosion.DamageBonus.metal" value=".05"/>
				<property name="Explosion.DamageBonus.earth" value="0"/>
				<property name="Explosion.DamageBonus.wood" value=".5"/>
				<property name="Explosion.DamageBonus.water" value="0"/>
				<property name="Velocity" value="0"/>
				<property name="Gravity" value="-200"/>
				<property name="FlyTime" value=".01"/>
				<property name="LifeTime" value="20"/></property>
			<effect_group name="BomberProjectile" tiered="false">
				<passive_effect name="BlockDamage" operation="base_set" value="1000"/>
				<passive_effect name="EntityDamage" operation="base_set" value="500"/>
				<passive_effect name="ProjectileVelocity" operation="base_set" value="50"/>
				<display_value name="dExRadius" value="5"/>
			</effect_group>
		</item>
		<item name="meleeHandGeist">
			<property name="Extends" value="meleeHandMaster"/>
			<property name="CreativeMode" value="None"/>
			<property class="Action0">
				<property name="Delay" value=".7"/>
				<!-- obsolete if rounds per minute exists -->
				<property name="DamageEntity" value="8"/>
				<property name="DamageBlock" value="8"/>
				<property name="Buff" value="buffInjuryBleedingZombie,buffInfectionCatch"/></property>
			<property class="Action1">
				<property name="Class" value="Vomit"/>
				<property name="Hitmask_override" value="Arrow"/>
				<property name="Delay" value=".5"/>
				<property name="Infinite_ammo" value="true"/>
				<property name="Magazine_items" value="ammoProjectileGeist"/>
				<property name="Sound_warning" value=""/>
				<property name="Sound_start" value=""/>
				<property name="Sound_repeat" value=""/>
				<property name="Sound_end" value=""/>
				<property name="Sound_empty" value=""/>
				<property name="Sound_reload" value=""/>
				<property name="Buff" value="buffShocked"/></property>
			<effect_group name="meleeHandGeist" tiered="false">
				<passive_effect name="ModSlots" operation="base_set" value="0"/>
				<!--<passive_effect name="AttacksPerMinute" operation="base_set" value="55"/>  A16 .7,  50=1.2 -->
				<passive_effect name="MagazineSize" operation="base_set" value="1"/>
				<passive_effect name="BurstRoundCount" operation="base_set" value="6"/>
				<passive_effect name="SpreadDegreesVertical" operation="base_set" value="6"/>
				<passive_effect name="SpreadDegreesHorizontal" operation="base_set" value="15"/>
				<passive_effect name="SpreadMultiplierIdle" operation="base_set" value="1"/>
				<passive_effect name="DamageFalloffRange" operation="base_set" value="50"/>
				<passive_effect name="MaxRange" operation="base_set" value="50"/>
			</effect_group>
		</item>
		
<item name="ammoProjectileGeist">
	<!--property name="Meshfile" value="particleeffects/p_electric_shock"/-->
	<property name="Meshfile" value="particleeffects/p_electric_shock_small"/>
	<property name="Material" value="Morganic"/>
	<property name="CreativeMode" value="None"/>
	<property class="Action1">
		<property name="Class" value="Projectile"/>
		<property name="DamageEntity" value="15"/>
		<property name="DamageBlock" value="12"/>
		<property name="Explosion.ParticleIndex" value="12"/>
		<property name="Explosion.RadiusEntities" value="2"/> <!-- damage radius for entities -->
		<property name="Velocity" value="13"/>
		<property name="FlyTime" value="6"/>
		<property name="LifeTime" value="8"/>
		<property name="CollisionRadius" value=".5"/>
		<property name="Buff" value="buffShocked"/>
	</property>
	<effect_group name="ammoProjectileGeist" tiered="false">
		<passive_effect name="DamageModifier" operation="perc_set" value="0" tags="earth"/>
		<passive_effect name="DamageModifier" operation="perc_set" value="0.5" tags="stone"/>
		<passive_effect name="DamageModifier" operation="perc_add" value="1.2" tags="metal"/>
		<passive_effect name="BuffProcChance" operation="base_set" value=".20" tags="buffInfectionCatch"/>
		<passive_effect name="BuffProcChance" operation="base_set" value="0.90" tags="buffShocked"/>
		<triggered_effect trigger="onSelfDamagedOther" action="ModifyCVar" target="other" cvar="infectionZombieHit" operation="set" value="60"/><!--InfectionRadiated-->
	</effect_group>
</item>
		<item name="meleeHandArchon">
			<property name="Extends" value="meleeHandMaster"/>
			<property name="CreativeMode" value="None"/>
			<property class="Action0">
				<property name="Delay" value=".7"/>
				<!-- obsolete if rounds per minute exists -->
				<property name="DamageEntity" value="5"/>
				<property name="DamageBlock" value="5"/>
				<property name="Buff" value="buffInjuryBleedingZombie,buffInfectionCatch,buffBurningZombie"/></property>
			<property class="Action1">
				<property name="Class" value="Vomit"/>
				<property name="Hitmask_override" value="Arrow"/>
				<property name="Delay" value=".5"/>
				<property name="Infinite_ammo" value="true"/>
				<property name="Magazine_items" value="ammoProjectileArchon"/>
				<property name="Range" value="1.75"/> <!-- Testers 1.65 default for parent -->
				<property name="Sphere" value=".1"/> <!--Testers -->
				<property name="Sound_warning" value=""/>
				<property name="Sound_start" value=""/>
				<property name="Sound_repeat" value=""/>
				<property name="Sound_end" value=""/>
				<property name="Sound_empty" value=""/>
				<property name="Sound_reload" value=""/>
				<property name="Buff" value="buffBurningZombie"/></property>
			<effect_group name="meleeHandArchon" tiered="false">
				<passive_effect name="ModSlots" operation="base_set" value="0"/>
				<passive_effect name="MagazineSize" operation="base_set" value="1"/>
				<passive_effect name="BurstRoundCount" operation="base_set" value="6"/>
				<passive_effect name="SpreadDegreesVertical" operation="base_set" value="6"/>
				<passive_effect name="SpreadDegreesHorizontal" operation="base_set" value="15"/>
				<passive_effect name="SpreadMultiplierIdle" operation="base_set" value="1"/>
				<passive_effect name="DamageFalloffRange" operation="base_set" value="50"/>
				<passive_effect name="MaxRange" operation="base_set" value="50"/>
				<passive_effect name="BuffProcChance" operation="base_set" value="0.90" tags="buffBurningZombie"/>
			</effect_group>
		</item>
		<item name="ammoProjectileArchon">
			<!--property name="Meshfile" value="particleeffects/p_onFire"/-->
			<property name="Meshfile" value="particleeffects/p_fire_small"/>
			<property name="Material" value="Morganic"/>
			<property name="CreativeMode" value="None"/>
			<property class="Action1">
				<property name="Class" value="Projectile"/>
				<property name="DamageEntity" value="20"/>
				<property name="DamageBlock" value="20"/>
				<property name="Explosion.ParticleIndex" value="12"/>
				<property name="Explosion.RadiusEntities" value="2"/>
				<property name="Velocity" value="13"/>
				<property name="FlyTime" value="6"/>
				<property name="LifeTime" value="8"/>
				<property name="CollisionRadius" value=".5"/>
				<property name="Buff" value="buffBurningZombie"/></property>
			<effect_group name="ammoProjectileArchon" tiered="false">
				<passive_effect name="DamageModifier" operation="perc_set" value="0" tags="earth"/>
				<passive_effect name="DamageModifier" operation="perc_set" value="0.5" tags="stone"/>
				<passive_effect name="DamageModifier" operation="perc_add" value="1.2" tags="metal"/>
				<passive_effect name="BuffProcChance" operation="base_set" value=".20" tags="buffInfectionCatch"/>
				<passive_effect name="BuffProcChance" operation="base_set" value="0.90" tags="buffBurningZombie"/>
				
				<triggered_effect trigger="onProjectileImpact" action="AddBuff" target="selfAOE" range="12" buff="buffArchon">
					<requirement name="EntityTagCompare" target="other" tags="zombie"/>
				</triggered_effect>
				<triggered_effect trigger="onSelfDamagedOther" action="ModifyCVar" target="other" cvar="infectionZombieHit" operation="set" value="60"/>
				<!--InfectionRadiated-->
			</effect_group>
		</item>
		<item name="meleeHandMantis">
			<property name="Extends" value="meleeHandMaster"/>
			<property name="CreativeMode" value="None"/>
			<property class="Action0">
				<property name="Range" value="2"/>
				<property name="Delay" value="0.5"/>
				<!-- obsolete if rounds per minute exists -->
				<property name="DamageEntity" value="20"/>
				<property name="DamageBlock" value="5"/>
				<property name="Buff" value="buffNarcoticsMantis"/>
				<property name="Sound_start" value="machete_swinglight"/>
				<property class="HitSounds">
					<property name="Override0" value="organic" param1="metalslashorganic"/></property>
			</property>
			<property class="Action1">
				<!-- UseAction -->
				<property name="Class" value="Vomit"/>
				<property name="Delay" value="0.3"/>
				<!-- obsolete if rounds per minute exists -->
				<property name="Range" value="200"/>
				<property name="Infinite_ammo" value="true"/>
				<property name="Magazine_items" value="MantisVomitProjectile" />
				<property name="Sound_warning" value="hulkvomitwarning"/>
				<property name="Sound_start" value="hulkvomitattack"/>
				<property name="Sound_repeat" value=""/>
				<property name="Sound_end" value=""/>
				<property name="Sound_empty" value=""/>
				<property name="Sound_reload" value=""/>
				<property name="Buff" value="buffNarcoticsMantis"/></property>
			<effect_group name="meleeHandMantis" tiered="false">
				<passive_effect name="ModSlots" operation="base_set" value="0"/>
				<passive_effect name="DamageFalloffRange" operation="base_set" value="50"/>
				<passive_effect name="MaxRange" operation="base_set" value="100"/>
				<passive_effect name="MagazineSize" operation="base_set" value="5"/>
				<passive_effect name="BurstRoundCount" operation="base_set" value="1"/>
				<passive_effect name="SpreadDegreesVertical" operation="base_set" value="2"/>
				<passive_effect name="SpreadDegreesHorizontal" operation="base_set" value="4"/>
				<passive_effect name="SpreadMultiplierIdle" operation="base_set" value="1"/>
				<passive_effect name="BuffProcChance" operation="base_set" value="0.90" tags="buffNarcoticsMantis"/>
			</effect_group>
		</item>
		<item name="MantisVomitProjectile">
			<property name="Meshfile" value="#Other/Items?Weapons/Ranged/Vomit/vomitBulbPrefab.prefab"/>
			<property name="Material" value="Morganic"/>
			<property name="CreativeMode" value="None"/>
			<property class="Action1">
				<property name="Class" value="Projectile"/>
				<property name="DamageEntity" value="5"/>
				<property name="DamageBlock" value="5"/>
				<property name="Explosion.ParticleIndex" value="7"/>
				<property name="Velocity" value="15"/>
				<property name="FlyTime" value="1"/>
				<property name="LifeTime" value="4"/>
				<property name="CollisionRadius" value="0.7"/>
				<property name="Buff" value="buffNarcoticsMantis"/></property>
			<effect_group name="MantisVomitProjectile" tiered="false">
				<passive_effect name="ModSlots" operation="base_set" value="0"/>
				<passive_effect name="DamageModifier" operation="perc_set" value="0" tags="earth"/>
				<passive_effect name="DamageModifier" operation="perc_set" value="0" tags="metal"/>
				<passive_effect name="BuffProcChance" operation="base_set" value="0.50" tags="buffNarcoticsMantis"/>
			</effect_group>
		</item>
		<item name="meleeHandJuggernaut">
			<property name="Extends" value="meleeHandMaster"/>
			<property name="CreativeMode" value="None"/>
			<property name="Degradation" value="99999" param1="true"/>
			<property class="Action0">
				<property name="Range" value="1.75"/>
				<property name="DamageEntity" value="75"/>
				<property name="DamageBlock" value="500"/>
				<property name="Buff" value="buffInjuryBleedingZombie,buffInfectionCatch,buffInjuryStunned01"/>
				<property name="Sound_start" value="Auger_Fire_Start"/>
				<property class="HitSounds">
					<property name="Override0" value="organic" param1="metalsolidhitorganic"/></property>
			</property>
			<property class="Action1">
				<property name="Class" value="Vomit"/>
				<property name="Delay" value=".3"/>
				<property name="Range" value="500"/>
				<property name="Infinite_ammo" value="true"/>
				<property name="Magazine_items" value="JuggernautProjectile"/>
				<property name="Sound_warning" value="demolitionzexplodewarning"/>
				<property name="Sound_start" value="m136_fire"/>
				<property name="Sound_repeat" value=""/>
				<property name="Sound_end" value=""/>
				<property name="Sound_empty" value=""/>
				<property name="Sound_reload" value=""/></property>
			<effect_group name="meleeHandJuggernaut" tiered="false">
				<passive_effect name="ModSlots" operation="base_set" value="0"/>
				<passive_effect name="DamageFalloffRange" operation="base_set" value="50"/>
				<passive_effect name="MaxRange" operation="base_set" value="100"/>
				<passive_effect name="MagazineSize" operation="base_set" value="3"/>
				<passive_effect name="BurstRoundCount" operation="base_set" value="3"/>
				<passive_effect name="SpreadDegreesVertical" operation="base_set" value="1"/>
				<passive_effect name="SpreadDegreesHorizontal" operation="base_set" value="3"/>
				<passive_effect name="SpreadMultiplierIdle" operation="base_set" value="1"/>
				<passive_effect name="BuffProcChance" operation="base_set" value=".20" tags="buffInjuryBleedingZombie"/>
				<passive_effect name="BuffProcChance" operation="base_set" value=".20" tags="buffInfectionCatch"/>
				<passive_effect name="BuffProcChance" operation="base_set" value=".25" tags="buffInjuryStunned01"/>
				<triggered_effect trigger="onSelfDamagedOther" action="ModifyCVar" target="other" cvar="infectionZombieHit" operation="set" value="30"/>
			</effect_group>
		</item>
		<item name="JuggernautProjectile">
			<property name="Meshfile" value="#Other/Items?Weapons/Ranged/RocketLauncher/rocketPrefab.prefab"/>
			<property name="Material" value="Mmetal"/>
			<property name="CreativeMode" value="None"/>
			<property class="Action1">
				<property name="Class" value="Projectile"/>
				<property name="DamageEntity" value="125"/>
				<property name="DamageBlock" value="1000"/>
				<!--property name="Explosion.ParticleIndex" value="4"/-->
				<property name="Explosion.ParticleIndex" value="5"/>
				<!-- which Prefab/particle is used -->
				<property name="Explosion.RadiusBlocks" value="5"/>
				<!-- damage radius for blocks -->
				<property name="Explosion.RadiusEntities" value="4"/>
				<!-- damage radius for entities -->
				<property name="Explosion.DamageBonus.water" value="0"/>
				<property name="Velocity" value="18"/>
				<property name="FlyTime" value="2"/>
				<property name="LifeTime" value="4"/>
				<property name="CollisionRadius" value="0.75"/>
				<property name="DamageBonus.earth" value="0"/></property>
			<effect_group name="JuggernautProjectile" tiered="false">
				<passive_effect name="ModSlots" operation="base_set" value="0"/>
				<passive_effect name="DamageModifier" operation="perc_set" value="0" tags="earth"/>
				<passive_effect name="DamageModifier" operation="perc_set" value="0.5" tags="stone"/>
				<passive_effect name="DamageModifier" operation="perc_add" value="1.2" tags="metal"/>
			</effect_group>
		</item>
		
		
<item name="meleeHandScorcher">
	<property name="Extends" value="meleeHandMaster"/>
	<property name="CreativeMode" value="None"/>
	<property name="Degradation" value="99999" param1="true"/>
	<property class="Action0">
		<property name="Range" value="1.75"/>
		<property name="DamageEntity" value="25"/>
		<property name="DamageBlock" value="50"/>
		<property name="Buff" value="buffInjuryBleedingZombie,buffInfectionCatch,buffInjuryStunned01"/>
	</property>
	<property class="Action1"> <!-- UseAction -->
		<property name="Class" value="Vomit"/>
		<property name="Hitmask_override" value="Arrow"/>
		<property name="Delay" value=".2"/> <!-- obsolete if rounds per minute exists -->
		<property name="Range" value="20"/>
		<property name="Infinite_ammo" value="true"/>
		<property name="Magazine_items" value="ammoProjectileScorcher"/>
		<property name="Sound_warning" value=""/>
		<property name="Sound_start" value=""/>
		<property name="Sound_repeat" value=""/>
		<property name="Sound_end" value=""/>
		<property name="Sound_empty" value=""/>
		<property name="Sound_reload" value=""/>
		<property name="Buff" value="buffBurningZombie"/>
	</property>
	<effect_group name="meleeHandZombieCop" tiered="false">
		<passive_effect name="ModSlots" operation="base_set" value="0"/>
		<!--<passive_effect name="AttacksPerMinute" operation="base_set" value="75"/>  A16 .8 -->
		<passive_effect name="DamageFalloffRange" operation="base_set" value="50"/>
		<passive_effect name="MaxRange" operation="base_set" value="20"/>
		<passive_effect name="MagazineSize" operation="base_set" value="10"/>
		<passive_effect name="BurstRoundCount" operation="base_set" value="10"/>
		<passive_effect name="SpreadDegreesVertical" operation="base_set" value="2"/>
		<passive_effect name="SpreadDegreesHorizontal" operation="base_set" value="10"/>
		<passive_effect name="SpreadMultiplierIdle" operation="base_set" value="1"/>
		<passive_effect name="BuffProcChance" operation="base_set" value=".20" tags="buffInjuryBleedingZombie"/>
		<passive_effect name="BuffProcChance" operation="base_set" value=".20" tags="buffInfectionCatch"/>
		<passive_effect name="BuffProcChance" operation="base_set" value=".25" tags="buffInjuryStunned01"/>
		<triggered_effect trigger="onSelfDamagedOther" action="ModifyCVar" target="other" cvar="infectionZombieHit" operation="set" value="30"/><!--InfectionRegular-->
	</effect_group>
</item>

<item name="ammoProjectileScorcher">
	<!--property name="Meshfile" value="particleeffects/p_onFire"/-->
	<property name="Meshfile" value="particleeffects/p_fire_small"/>
	<property name="Material" value="Morganic"/>
	<property name="CreativeMode" value="None"/>
	<property class="Action1">
		<property name="Class" value="Projectile"/>
		<property name="DamageEntity" value="5"/>
		<property name="DamageBlock" value="30"/>
		<property name="Explosion.ParticleIndex" value="0"/>
		<property name="Velocity" value="18"/>
		<property name="FlyTime" value=".2"/>
		<property name="LifeTime" value="2"/>
		<property name="CollisionRadius" value=".5"/>
		<property name="DamageBonus.earth" value="0"/>
		<property name="Buff" value="buffBurningZombie"/>
	</property>
	<effect_group name="ammoProjectileZombieVomit" tiered="false">
		<passive_effect name="ModSlots" operation="base_set" value="0"/>
		<passive_effect name="DamageModifier" operation="perc_set" value="0" tags="earth"/>
		<passive_effect name="DamageModifier" operation="perc_set" value="0.5" tags="stone"/>
		<passive_effect name="DamageModifier" operation="perc_add" value="1.2" tags="metal"/>
		<passive_effect name="BuffProcChance" operation="base_set" value=".8" tags="buffBurningZombie"/>
	</effect_group>
</item>

<!--Plus Add On-->

<item name="meleeHandZombieMotorhead">
	<property name="Extends" value="meleeHandZombieStrong"/>
	<property name="Range" value="3.5"/>
    <property name="Sphere" value=".8"/>	
	<property class="Action0">
		<property name="DamageEntity" value="35"/>
		<property name="DamageBlock" value="300"/>
	</property>
	<effect_group name="meleeHandZombieMotorhead" tiered="false">
		<passive_effect name="ModSlots" operation="base_set" value="0"/>
		<!--<passive_effect name="AttacksPerMinute" operation="base_set" value="40"/>  A16 1.5 -->
		<triggered_effect trigger="onSelfAttackedOther" action="AddBuff" target="other" fireOneBuff="true"
			buff="buffFatiguedTrigger,buffArmSprainedCHTrigger,buffLegSprainedCHTrigger,buffLaceration,buffAbrasionCatch,buffInjuryStunned01CHTrigger,buffInjuryBleedingTwo"
			weights=".11,.07,.07,.05,.29,.36,.11"/>
			
		<triggered_effect trigger="onSelfAttackedOther" action="ModifyCVar" target="other" cvar="infectionCounter" operation="add" value="10"><!--InfectionRegular-->
			<requirement name="CVarCompare" target="other" cvar="infectionCounter" operation="GT" value="0"/></triggered_effect>			
	</effect_group>	
</item>

<item name="meleeHandPaindeer">
	<property name="Extends" value="meleeHandMaster"/>
	<property name="CreativeMode" value="None"/>
	<property name="HoldType" value="46"/>
	<property class="Action0">
		<property name="Delay" value="1.5"/> <!-- obsolete if rounds per minute exists -->
		<property name="Range" value="3.6"/>
		<property name="Sphere" value=".3"/>
		<property name="DamageEntity" value="30"/>
		<property name="DamageBlock" value="300"/>
	</property>
	<effect_group name="meleeHandPaindeer" tiered="false">
		<passive_effect name="ModSlots" operation="base_set" value="0"/>
		<!--<passive_effect name="AttacksPerMinute" operation="base_set" value="40"/>  A16 1.5 -->
		<triggered_effect trigger="onSelfAttackedOther" action="AddBuff" target="other" fireOneBuff="true"
			buff="buffFatiguedTrigger,buffArmSprainedCHTrigger,buffLegSprainedCHTrigger,buffLaceration,buffAbrasionCatch,buffInjuryStunned01CHTrigger,buffInjuryBleedingTwo"
			weights=".11,.07,.07,.05,.29,.36,.11"/>
			
		<triggered_effect trigger="onSelfAttackedOther" action="ModifyCVar" target="other" cvar="infectionCounter" operation="add" value="10"><!--InfectionRegular-->
			<requirement name="CVarCompare" target="other" cvar="infectionCounter" operation="GT" value="0"/></triggered_effect>			
	</effect_group>
</item>

<item name="meleeHandHellFlyer">
	<property name="Extends" value="meleeHandMaster"/>
	<property name="CreativeMode" value="None"/>
	<property name="Degradation" value="99999" param1="true"/>
	<property class="Action0">
		<property name="Range" value="2.5"/>
		<property name="DamageEntity" value="12"/>
		<property name="DamageBlock" value="20"/>
		<property name="Buff" value="buffInjuryStunned01"/>		
	</property>
	<property class="Action1"> <!-- UseAction -->
		<property name="Class" value="Vomit"/>
		<property name="Delay" value="0.2"/> <!-- obsolete if rounds per minute exists -->
		<property name="Range" value="200"/>
		<property name="Infinite_ammo" value="true"/>
		<property name="Magazine_items" value="HellFlyerProjectile"/>
		<property name="Sound_warning" value="hulkvomitwarning"/>
		<property name="Sound_start" value="ak47_fire"/>
		<property name="Sound_end" value="ak47_fire_end"/>			
		<property name="Buff" value="buffInjuryBleeding"/>
	</property>
<effect_group name="meleeHandHellFlyer" tiered="false">
		<passive_effect name="ModSlots" operation="base_set" value="0"/>	
		<passive_effect name="DamageFalloffRange" operation="base_set" value="50"/>
		<passive_effect name="MaxRange" operation="base_set" value="100"/>
		<passive_effect name="MagazineSize" operation="base_set" value="10"/>
		<passive_effect name="BurstRoundCount" operation="base_set" value="1"/>
		<passive_effect name="SpreadDegreesVertical" operation="base_set" value="2"/>
		<passive_effect name="SpreadDegreesHorizontal" operation="base_set" value="2"/>
		<passive_effect name="SpreadMultiplierIdle" operation="base_set" value="0"/>
		<passive_effect name="BuffProcChance" operation="base_set" value=".20" tags="buffInjuryBleeding"/>	
	</effect_group>
</item>	

<item name="HellFlyerProjectile">
	<property name="Meshfile" value="Entities/Electrical/steel_dartPrefab"/>
	<property name="Material" value="Morganic" />
	<property name="CreativeMode" value="None"/>
	<property class="Action1">
		<property name="Class" value="Projectile"/>			
		<property name="DamageEntity" value="6"/>
		<property name="DamageBlock" value="22"/>
		<property name="Gravity" value="-2"/>		
		<property name="Velocity" value="45"/>
		<property name="FlyTime" value="0.5"/>
		<property name="LifeTime" value="6"/>
		<property name="DamageBonus.earth" value="3"/>
		<property name="DamageBonus.wood" value="2"/>			
		<property name="DamageBonus.stone" value="0"/>		
		<property name="DamageBonus.metal" value="1"/>		
		<property name="CollisionRadius" value="0.5"/>
		<property name="Buff" value="buffInjuryBleeding"/>
	</property>
<effect_group name="HellFlyerProjectile" tiered="false">
		<passive_effect name="DamageModifier" operation="perc_set" value="1" tags="earth"/>
		<passive_effect name="DamageModifier" operation="perc_add" value="1" tags="metal"/>
		<passive_effect name="BuffProcChance" operation="base_set" value="0.20" tags="buffInjuryBleeding"/>		
	</effect_group>	
</item>	

<item name="meleeHandHellShocker">
	<property name="Extends" value="meleeHandMaster"/>
	<property name="CreativeMode" value="None"/>
	<property name="Degradation" value="99999" param1="true"/>
	<property class="Action0">
		<property name="Range" value="2.5"/>
		<property name="DamageEntity" value="15"/>
		<property name="DamageBlock" value="20"/>
		<property name="Buff" value="buffInjuryStunned01"/>		
	</property>
	<property class="Action1"> <!-- UseAction -->
		<property name="Class" value="Vomit"/>
		<property name="Delay" value="0.2"/> <!-- obsolete if rounds per minute exists -->
		<property name="Range" value="170"/>
		<property name="Infinite_ammo" value="true"/>
		<property name="Magazine_items" value="HellShockerProjectile"/>
		<property name="Sound_warning" value="hulkvomitwarning"/>
		<property name="Sound_start" value="ak47_fire"/>
		<property name="Sound_end" value="ak47_fire_end"/>			
		<property name="Buff" value="buffInjuryBleeding"/>
	</property>
<effect_group name="meleeHandHellShocker" tiered="false">
		<passive_effect name="ModSlots" operation="base_set" value="0"/>	
		<passive_effect name="DamageFalloffRange" operation="base_set" value="50"/>
		<passive_effect name="MaxRange" operation="base_set" value="100"/>
		<passive_effect name="MagazineSize" operation="base_set" value="6"/>
		<passive_effect name="BurstRoundCount" operation="base_set" value="1"/>
		<passive_effect name="SpreadDegreesVertical" operation="base_set" value="2"/>
		<passive_effect name="SpreadDegreesHorizontal" operation="base_set" value="2"/>
		<passive_effect name="SpreadMultiplierIdle" operation="base_set" value="0"/>	
	</effect_group>
</item>	

<item name="HellShockerProjectile">
	<property name="Meshfile" value="prefabs/electricshock"/>
	<property name="Material" value="Morganic" />
	<property name="CreativeMode" value="None"/>
	<property class="Action1">
		<property name="Class" value="Projectile"/>			
		<property name="DamageEntity" value="6"/>
		<property name="DamageBlock" value="22"/>
		<property name="Gravity" value="-2"/>		
		<property name="Velocity" value="45"/>
		<property name="FlyTime" value="0.5"/>
		<property name="LifeTime" value="6"/>
		<property name="DamageBonus.earth" value="3"/>
		<property name="DamageBonus.wood" value="2"/>			
		<property name="DamageBonus.stone" value="0"/>		
		<property name="DamageBonus.metal" value="1"/>		
		<property name="CollisionRadius" value="0.5"/>
	</property>
<effect_group name="HellShockerProjectile" tiered="false">
		<passive_effect name="EntityDamage" operation="base_set" value="200"/>
				<passive_effect name="BlockDamage" operation="base_set" value="30"/>
				<passive_effect name="DamageModifier" operation="perc_set" value=".1" tags="wood"/>
				<passive_effect name="DamageModifier" operation="perc_set" value="0" tags="earth,metal,cloth"/>
				<passive_effect name="ProjectileVelocity" operation="base_set" value="180"/>
				<triggered_effect trigger="onProjectileImpact" action="AddBuff" target="other" buff="buffShocked"/>
				<passive_effect name="TargetArmor" operation="perc_add" value="-.75"/>
				<passive_effect name="EntityPenetrationCount" operation="base_set" value="3"/>
				<display_value name="dTargetPenetration" value="3"/>
				<display_value name="dTargetArmor" value="-.75"/>		
	</effect_group>	
</item>

<item name="meleeHandSharkWFLB">
	<property name="Extends" value="meleeHandMaster"/>
	<property name="CreativeMode" value="None"/>
	<property class="Action0">
		<property name="Range" value="3.5"/>	
		<property name="Delay" value=".7"/>
		<property name="DamageEntity" value="12"/>
		<property name="DamageBlock" value="50"/>
	</property>
	<property class="Action1">
		<property name="Class" value="Vomit"/>
		<property name="Hitmask_override" value="Arrow"/>
		<property name="Delay" value=".15"/>
		<property name="Range" value="150"/>		
		<property name="Infinite_ammo" value="true"/>
		<property name="Magazine_items" value="SharkWFLBProjectile"/>
		<property name="Sound_warning" value="hulkvomitwarning"/>
		<property name="Sound_start" value="ak47_fire"/>
		<property name="Sound_end" value="ak47_fire_end"/>
		<property name="Sound_repeat" value=""/>
		<property name="Sound_end" value=""/>
		<property name="Sound_empty" value=""/>
		<property name="Sound_reload" value=""/>
	</property>
	<effect_group name="meleeHandSharkWFLB" tiered="false">
		<passive_effect name="ModSlots" operation="base_set" value="0"/>
		<passive_effect name="MagazineSize" operation="base_set" value="5"/>
		<passive_effect name="BurstRoundCount" operation="base_set" value="1"/>
		<passive_effect name="SpreadDegreesVertical" operation="base_set" value="1.5"/>
		<passive_effect name="SpreadDegreesHorizontal" operation="base_set" value="1.5"/>
		<passive_effect name="SpreadMultiplierIdle" operation="base_set" value="0"/>
		<passive_effect name="DamageFalloffRange" operation="base_set" value="50"/>
		<passive_effect name="MaxRange" operation="base_set" value="100"/>
	</effect_group>
</item>	

<item name="SharkWFLBProjectile">
	<property name="Meshfile" value="Entities/Electrical/steel_dartPrefab"/>
	<property name="Material" value="Morganic"/>
	<property name="CreativeMode" value="None"/>
	<property class="Action1">
		<property name="Class" value="Projectile"/>
		<property name="DamageEntity" value="5"/>
		<property name="DamageBlock" value="50"/>
		<property name="Velocity" value="50"/>
		<property name="FlyTime" value="6"/>
		<property name="LifeTime" value="8"/>
		<property name="CollisionRadius" value=".5"/>
	</property>
	<effect_group name="SharkWFLBProjectile" tiered="false">
		<passive_effect name="DamageModifier" operation="perc_set" value="1" tags="earth"/>
		<passive_effect name="DamageModifier" operation="perc_set" value="0.5" tags="stone"/>
		<passive_effect name="DamageModifier" operation="perc_add" value="1.2" tags="metal"/>
	</effect_group>
</item>

		<item name="meleeHandJuggernautGolden">
			<property name="Extends" value="meleeHandMaster"/>
			<property name="CreativeMode" value="None"/>
			<property name="Degradation" value="99999" param1="true"/>
			<property class="Action0">
				<property name="Range" value="1.75"/>
				<property name="DamageEntity" value="75"/>
				<property name="DamageBlock" value="800"/>
				<property name="Buff" value="buffInjuryBleedingZombie,buffInfectionCatch,buffInjuryStunned01"/>
				<property name="Sound_start" value="Auger_Fire_Start"/>
				<property class="HitSounds">
					<property name="Override0" value="organic" param1="metalsolidhitorganic"/></property>
			</property>
		</item>
		
		<item name="meleeHandGeistArcher">
			<property name="Extends" value="meleeHandMaster"/>
			<property name="CreativeMode" value="None"/>
			<property class="Action0">
				<property name="Delay" value=".7"/>
				<!-- obsolete if rounds per minute exists -->
				<property name="DamageEntity" value="8"/>
				<property name="DamageBlock" value="8"/>
				<property name="Buff" value="buffInjuryBleedingZombie,buffInfectionCatch"/></property>
			<property class="Action1">
				<property name="Class" value="Vomit"/>
				<property name="Hitmask_override" value="Arrow"/>
				<property name="Delay" value=".5"/>
				<property name="Infinite_ammo" value="true"/>
				<property name="Magazine_items" value="ammoProjectileGeistArcher"/>
				<property name="Sound_warning" value=""/>
				<property name="Sound_start" value=""/>
				<property name="Sound_repeat" value=""/>
				<property name="Sound_end" value=""/>
				<property name="Sound_empty" value=""/>
				<property name="Sound_reload" value=""/>
				<property name="Buff" value="buffBurningFlamingArrow"/></property>
			<effect_group name="meleeHandGeistArcher" tiered="false">
				<passive_effect name="ModSlots" operation="base_set" value="0"/>
				<!--<passive_effect name="AttacksPerMinute" operation="base_set" value="55"/>  A16 .7,  50=1.2 -->
				<passive_effect name="MagazineSize" operation="base_set" value="1"/>
				<passive_effect name="BurstRoundCount" operation="base_set" value="2"/>
				<passive_effect name="SpreadDegreesVertical" operation="base_set" value="2"/>
				<passive_effect name="SpreadDegreesHorizontal" operation="base_set" value="2"/>
				<passive_effect name="SpreadMultiplierIdle" operation="base_set" value="1"/>
				<passive_effect name="DamageFalloffRange" operation="base_set" value="80"/>
				<passive_effect name="MaxRange" operation="base_set" value="80"/>
			</effect_group>
		</item>
		
<item name="ammoProjectileGeistArcher">
	<!--property name="Meshfile" value="particleeffects/p_electric_shock"/-->
	<property name="Meshfile" value="#Other/Items?Weapons/Ranged/Bows/WoodenBow/flamingArrowPrefab.prefab"/>
	<property name="Material" value="Morganic"/>
	<property name="CreativeMode" value="None"/>
	<property class="Action1">
		<property name="Class" value="Projectile"/>
		<property name="DamageEntity" value="15"/>
		<property name="DamageBlock" value="12"/>
		<!--property name="Explosion.ParticleIndex" value="12"/-->
		<!--property name="Explosion.RadiusEntities" value="2"/--> <!-- damage radius for entities -->
		<property name="Velocity" value="11"/>
		<property name="FlyTime" value="6"/>
		<property name="LifeTime" value="8"/>
		<property name="CollisionRadius" value=".5"/>
		<property name="Buff" value="buffBurningFlamingArrow"/>
	</property>
	<effect_group name="ammoProjectileGeistArcher" tiered="false">
		<passive_effect name="DamageModifier" operation="perc_set" value="0" tags="earth"/>
		<passive_effect name="DamageModifier" operation="perc_set" value="0.5" tags="stone"/>
		<passive_effect name="DamageModifier" operation="perc_add" value="1.2" tags="metal"/>
		<passive_effect name="BuffProcChance" operation="base_set" value=".02" tags="buffInfectionCatch"/>
		<!--passive_effect name="BuffProcChance" operation="base_set" value="0.90" tags="buffShocked"/-->
		<triggered_effect trigger="onSelfDamagedOther" action="ModifyCVar" target="other" cvar="infectionZombieHit" operation="set" value="60"/><!--InfectionRadiated-->
	</effect_group>
</item>

<item name="meleeHandzombieHisser">
	<property name="Extends" value="meleeHandMaster"/>
	<property name="CreativeMode" value="None"/>
	<property name="HoldType" value="55"/>
	<property class="Action0">
		<property name="Delay" value="1.5"/>
		<property name="Range" value="1.2"/>
		<property name="DamageEntity" value="12"/>
		<property name="DamageBlock" value="35"/>
	</property>
	<effect_group name="meleeHandzombieHisser" tiered="false">
		<passive_effect name="ModSlots" operation="base_set" value="0"/>
		<!--<passive_effect name="AttacksPerMinute" operation="base_set" value="75"/>  A16 .8 -->
		<triggered_effect trigger="onSelfAttackedOther" action="AddBuff" target="other" fireOneBuff="true"
			buff="buffFatiguedTrigger,buffArmSprainedCHTrigger,buffLegSprainedCHTrigger,buffLaceration,buffAbrasionCatch,buffInjuryStunned01CHTrigger,buffInjuryBleedingTwo"
			weights=".11,.07,.07,.05,.29,.36,.11"/>
	</effect_group>
	<property class="Action1">                <!-- UseAction -->
                <property name="Class" value="Vomit"/>
                <property name="Delay" value="0.2"/>
                <!-- obsolete if rounds per minute exists -->
                <property name="Range" value="100"/>
                <property name="Infinite_ammo" value="true"/>
                <property name="Magazine_items" value="zombieHisserProjectile"/>
                <property name="Sound_warning" value="vulturevomitwarning"/>
                <property name="Sound_start" value="ak47_fire"/>
                <property name="Sound_end" value="ak47_fire_end"/>
                <!-- <property name="Buff" value="buffInjuryBleeding"/> -->
            </property>
            <effect_group name="meleeHandzombieHisser" tiered="false">
                <passive_effect name="ModSlots" operation="base_set" value="0"/>
                <passive_effect name="DamageFalloffRange" operation="base_set" value="5"/>
                <passive_effect name="MaxRange" operation="base_set" value="200"/>
                <passive_effect name="MagazineSize" operation="base_set" value="2"/>
                <passive_effect name="BurstRoundCount" operation="base_set" value="1"/>
                <passive_effect name="SpreadDegreesVertical" operation="base_set" value="2"/>
                <passive_effect name="SpreadDegreesHorizontal" operation="base_set" value="2"/>
                <passive_effect name="SpreadMultiplierIdle" operation="base_set" value="0"/>
                <!-- <passive_effect name="BuffProcChance" operation="base_set" value=".20" tags="buffInjuryBleeding"/> -->
            </effect_group>
        </item>
		
				<item name="zombieHisserProjectile">
			<property name="Meshfile" value="#Other/Items?Weapons/Ranged/Vomit/vomitBulbPrefab.prefab"/>
			<property name="Material" value="Morganic"/>
			<property name="CreativeMode" value="None"/>
			<property class="Action1">
				<property name="Class" value="Projectile"/>
				<property name="DamageEntity" value="10"/>
				<property name="DamageBlock" value="50"/>
				<property name="Explosion.ParticleIndex" value="7"/>
				<property name="Velocity" value="15"/>
				<property name="FlyTime" value="1"/>
				<property name="LifeTime" value="4"/>
				<property name="CollisionRadius" value="0.7"/>
				<property name="Buff" value="buffNarcoticsHisser"/></property>
			<effect_group name="zombieHisserProjectile" tiered="false">
				<passive_effect name="ModSlots" operation="base_set" value="0"/>
				<passive_effect name="DamageModifier" operation="perc_set" value="0" tags="earth"/>
				<passive_effect name="DamageModifier" operation="perc_set" value="0" tags="metal"/>
				<passive_effect name="BuffProcChance" operation="base_set" value="0.10" tags="buffNarcoticsMantis"/>
			</effect_group>
		</item>
		
				<item name="meleeHandTipsySquatch">
			<property name="Extends" value="meleeHandMaster"/>
			<property name="CreativeMode" value="None"/>
			<property name="Degradation" value="99999" param1="true"/>
			<property name="Material" value="Morganic"/>
			<property class="Action0">
				<property name="Range" value="2"/>
				<!--property name="Buff" value="buffBeer"/-->
				<property name="Sound_start" value="swoosh"/>
				<property name="DamageEntity" value="20"/>
				<property name="DamageBlock" value="100"/></property>
			<effect_group name="meleeHandTipsySquatch" tiered="false">
				<passive_effect name="ModSlots" operation="base_set" value="0"/>
				<passive_effect name="BuffProcChance" operation="base_set" value=".05" tags="buffInjuryBleedingZombie"/>
				<passive_effect name="BuffProcChance" operation="base_set" value=".05" tags="buffInfectionCatch"/>
				<passive_effect name="BuffProcChance" operation="base_set" value=".1" tags="buffInjuryStunned01"/>
				<triggered_effect trigger="onSelfDamagedOther" action="ModifyCVar" target="other" cvar="infectionZombieHit" operation="set" value="75"/>
			</effect_group>
			
			<effect_group tiered="false" name="Drink Tier 3">
			<triggered_effect trigger="onSelfDamagedOther" action="ModifyCVar" target="other" cvar="$buffBeerDuration" operation="add" value="5"/>
			<triggered_effect trigger="onSelfDamagedOther" action="ModifyCVar" target="other" cvar="$buffBeerDuration" operation="set" value="5">
				<requirement name="CVarCompare" cvar="$buffBeerDuration" operation="GT" value="5"/></triggered_effect>
			<triggered_effect trigger="onSelfDamagedOther" action="AddBuff" target="other" buff="buffBeer"/>
			</effect_group>			
		</item>
		
				<item name="meleeHandSnowBear">
			<property name="Extends" value="meleeHandMaster"/>
			<property name="CreativeMode" value="None"/>
			<property name="HoldType" value="46"/>
			<property class="Action0">
				<property name="Delay" value="1.5"/> <!-- obsolete if rounds per minute exists -->
				<property name="Range" value="3.6"/>
				<property name="Sphere" value=".3"/>
				<property name="DamageEntity" value="15"/>
				<property name="DamageBlock" value="150"/>
				<property name="Buff" value="buffSnowBearChill"/>				
			</property>
			<effect_group name="meleeHandSnowBear" tiered="false">
				<passive_effect name="ModSlots" operation="base_set" value="0"/>
				<passive_effect name="BuffProcChance" operation="base_set" value=".05" tags="buffInjuryBleedingZombie"/>
				<passive_effect name="BuffProcChance" operation="base_set" value=".05" tags="buffInfectionCatch"/>
				<passive_effect name="BuffProcChance" operation="base_set" value=".1" tags="buffInjuryStunned01"/>
				<triggered_effect trigger="onSelfDamagedOther" action="ModifyCVar" target="other" cvar="infectionZombieHit" operation="set" value="75"/>
			</effect_group>
		</item>

				<item name="meleeHandMotherClucker">
			<property name="Extends" value="meleeHandAnimalZombieVulture"/>
			<property name="CreativeMode" value="None"/>
			<property class="Action0">
				<property name="Delay" value=".7"/>
				<property name="DamageEntity" value="12"/>
				<property name="DamageBlock" value="50"/>
			</property>
			<property class="Action1">
				<property name="Class" value="Vomit"/>
				<property name="Hitmask_override" value="Arrow"/>
				<property name="Delay" value=".4"/>
				<property name="Infinite_ammo" value="true"/>
				<property name="Magazine_items" value="ammoProjectileChickenEgg"/>
				<property name="Sound_warning" value="vulturevomitwarning"/>
				<property name="Sound_start" value="vulturevomitattack"/>
				<property name="Sound_repeat" value=""/>
				<property name="Sound_end" value=""/>
				<property name="Sound_empty" value=""/>
				<property name="Sound_reload" value=""/>
			</property>
			<effect_group name="meleeHandMotherClucker" tiered="false">
				<passive_effect name="ModSlots" operation="base_set" value="0"/>
				<passive_effect name="MagazineSize" operation="base_set" value="1"/>
				<passive_effect name="BurstRoundCount" operation="base_set" value="2"/>
				<passive_effect name="SpreadDegreesVertical" operation="base_set" value="3"/>
				<passive_effect name="SpreadDegreesHorizontal" operation="base_set" value="3"/>
				<passive_effect name="SpreadMultiplierIdle" operation="base_set" value="1"/>
				<passive_effect name="DamageFalloffRange" operation="base_set" value="10"/>
				<passive_effect name="MaxRange" operation="base_set" value="15"/>

				<triggered_effect trigger="onSelfAttackedOther" action="AddBuff" target="other" fireOneBuff="true"
					buff="buffFatiguedTrigger,buffArmSprainedCHTrigger,buffLegSprainedCHTrigger,buffLaceration,buffAbrasionCatch,buffInjuryStunned01CHTrigger,buffInjuryBleedingTwo"
					weights=".11,.07,.07,.05,.29,.36,.11"/>
				<triggered_effect trigger="onSelfAttackedOther" action="ModifyCVar" target="other" cvar="infectionCounter" operation="add" value="20"><!--InfectionRadiated-->
					<requirement name="CVarCompare" target="other" cvar="infectionCounter" operation="GT" value="0"/></triggered_effect>
				<triggered_effect trigger="onSelfAttackedOther" action="ModifyCVar" target="other" cvar="abrasionZombieHit" operation="set" value="3200"/><!--AbrasionRadiated-->
			</effect_group>
		</item>

		<item name="ammoProjectileChickenEgg">
			<property name="Meshfile" value="#Other/Items?Misc/snowballPrefab.prefab"/>
			<property name="Material" value="Morganic"/>
			<property name="CreativeMode" value="None"/>
			<property class="Action1">
				<property name="Class" value="Projectile"/>
				<property name="DamageEntity" value="15"/>
				<property name="DamageBlock" value="12"/>
				<property name="Explosion.ParticleIndex" value="0"/>
				<property name="Velocity" value="13"/>
				<property name="FlyTime" value="6"/>
				<property name="LifeTime" value="8"/>
				<property name="CollisionRadius" value=".5"/>
				<property name="Buff" value="buffInfectionCatch"/>
			</property>
			<effect_group name="ammoProjectileChickenEgg" tiered="false">
				<passive_effect name="DamageModifier" operation="perc_set" value="0" tags="earth"/>
				<passive_effect name="DamageModifier" operation="perc_set" value="0" tags="stone"/>
				<passive_effect name="DamageModifier" operation="perc_add" value="0" tags="metal"/>
				<passive_effect name="BuffProcChance" operation="base_set" value=".20" tags="buffInfectionCatch"/>
				<triggered_effect trigger="onSelfAttackedOther" action="ModifyCVar" target="other" cvar="infectionCounter" operation="add" value="20"><!--InfectionRadiated-->
					<requirement name="CVarCompare" target="other" cvar="infectionCounter" operation="GT" value="0"/></triggered_effect>
				<triggered_effect trigger="onSelfAttackedOther" action="ModifyCVar" target="other" cvar="abrasionZombieHit" operation="set" value="3200"/><!--AbrasionRadiated-->
			</effect_group>
		</item>

		<item name="meleeHandHammerSpammer">
			<property name="Extends" value="meleeHandZombieStrong"/>
			<property name="Range" value="1.7"/>
			<property name="Sphere" value=".8"/>	
			<property class="Action0">
			<property name="DamageEntity" value="40"/>
			<property name="DamageBlock" value="500"/>
			<property name="Buff" value="buffShocked"/>			
		</property>
			<effect_group name="meleeHandHammerSpammer" tiered="false">
				<passive_effect name="ModSlots" operation="base_set" value="0"/>
				<!--<passive_effect name="AttacksPerMinute" operation="base_set" value="40"/>  A16 1.5 -->
				<triggered_effect trigger="onSelfAttackedOther" action="AddBuff" target="other" fireOneBuff="true"
				buff="buffFatiguedTrigger,buffArmSprainedCHTrigger,buffLegSprainedCHTrigger,buffLaceration,buffAbrasionCatch,buffInjuryStunned01CHTrigger,buffInjuryBleedingTwo"
				weights=".11,.07,.07,.05,.29,.36,.11"/>
				<passive_effect name="BuffProcChance" operation="base_set" value=".2" tags="buffShocked"/>				
			
			<triggered_effect trigger="onSelfAttackedOther" action="ModifyCVar" target="other" cvar="infectionCounter" operation="add" value="10"><!--InfectionRegular-->
				<requirement name="CVarCompare" target="other" cvar="infectionCounter" operation="GT" value="0"/></triggered_effect>			
			</effect_group>	
		</item>		

	</append>
</configs>